{"cameraMode":{"drawMode":0,"name":"Shaded","section":"Shading Mode"},"sceneLighting":true,"audioPlay":false,"sceneViewState":{"m_AlwaysRefresh":false,"showFog":true,"showSkybox":true,"showFlares":true,"showImageEffects":true,"showParticleSystems":true,"showVisualEffectGraphs":true,"m_FxEnabled":true},"in2DMode":false,"pivot":{"x":4.237599849700928,"y":2.2686820030212404,"z":-6.080355644226074},"rotation":{"x":0.0023248041979968549,"y":0.9965947866439819,"z":-0.07669896632432938,"w":0.030207088217139245},"size":5.153402328491211,"orthographic":false}